figure,dataset,method,metric,value,seeds,rows_per_table
numerical,blood-transfusion,tabpfn_pit,precision_at_k,0.78212159147447313,5,400
numerical,blood-transfusion,ridge,precision_at_k,0.468670396001033,5,400
numerical,ilpd,tabpfn_pit,precision_at_k,0.69830143671857858,5,400
numerical,ilpd,hgb,precision_at_k,0.41603787380273449,5,400
numerical,MagicTelescope,tabpfn_pit,precision_at_k,0.7315370725861895,5,400
numerical,MagicTelescope,hgb,precision_at_k,0.45063130530499124,5,400
numerical,breast-cancer,tabpfn_pit,precision_at_k,0.84673663283398426,5,400
numerical,breast-cancer,hgb,precision_at_k,0.56991345698037121,5,400
numerical,steel-plates,tabpfn_pit,precision_at_k,0.86882657661207807,5,400
numerical,steel-plates,hgb,precision_at_k,0.60730076650632758,5,400
numerical,kc1,tabpfn_pit,precision_at_k,0.86964424150346364,5,400
numerical,kc1,ridge,precision_at_k,0.63134660397305953,5,400
numerical,electricity,tabpfn_pit,precision_at_k,0.7138626805293472,5,400
numerical,electricity,hgb,precision_at_k,0.48125824792491456,5,400
numerical,wilt,tabpfn_pit,precision_at_k,0.73658907397531148,5,400
numerical,wilt,hgb_quantile,precision_at_k,0.54185677930406007,5,400
numerical,diabetes,tabpfn_pit,precision_at_k,0.61192797741559934,5,400
numerical,diabetes,ridge,precision_at_k,0.42135819877380265,5,400
numerical,spambase,tabpfn_pit,precision_at_k,0.67704464114732876,5,400
numerical,spambase,hgb,precision_at_k,0.48928120531797908,5,400
numerical,phoneme,tabpfn_pit,precision_at_k,0.59393395803935811,5,400
numerical,phoneme,rf,precision_at_k,0.48221146777750551,5,400
numerical,banknote,tabpfn_pit,precision_at_k,0.74338091453875721,5,400
numerical,banknote,hgb,precision_at_k,0.6459686423862574,5,400
categorical,mushroom,tabpfn,precision_at_k,0.77000000000000002,5,400
categorical,mushroom,knn,precision_at_k,0.60999999999999999,5,400
categorical,adult,tabpfn,precision_at_k,0.35283018867924526,5,400
categorical,adult,hgb,precision_at_k,0.26037735849056604,5,400
categorical,car,tabpfn,precision_at_k,0.23571428571428571,5,400
categorical,car,logistic,precision_at_k,0.16666666666666666,5,400
categorical,bank-marketing,tabpfn,precision_at_k,0.2771212121212121,5,400
categorical,bank-marketing,hgb,precision_at_k,0.21409090909090911,5,400
categorical,tips,tabpfn,precision_at_k,0.30555555555555552,5,244
categorical,tips,hgb,precision_at_k,0.25555555555555554,5,244
categorical,nursery,tabpfn,precision_at_k,0.20370370370370369,5,400
categorical,nursery,hgb,precision_at_k,0.15555555555555556,5,400
categorical,penguins,tabpfn,precision_at_k,0.77333333333333332,5,344
categorical,penguins,logistic,precision_at_k,0.72666666666666668,5,344
categorical,kr-vs-kp,tabpfn,precision_at_k,0.60331188331188335,5,400
categorical,kr-vs-kp,rf,precision_at_k,0.55939332189332192,5,400
categorical,cmc,tabpfn,precision_at_k,0.23750000000000002,5,400
categorical,cmc,logistic,precision_at_k,0.20624999999999999,5,400
categorical,credit-g,tabpfn,precision_at_k,0.16018518518518518,5,400
categorical,credit-g,hgb,precision_at_k,0.1425925925925926,5,400
numerical_spotlight,breast-cancer,zscore,precision_at_k,0.38709572978709911,5,400
numerical_spotlight,breast-cancer,iforest,precision_at_k,0.044188696953823048,5,400
numerical_spotlight,breast-cancer,ridge,precision_at_k,0.41949643013057525,5,400
numerical_spotlight,breast-cancer,knn,precision_at_k,0.46208251627630342,5,400
numerical_spotlight,breast-cancer,rf,precision_at_k,0.40530164949794534,5,400
numerical_spotlight,breast-cancer,hgb,precision_at_k,0.56991345698037121,5,400
numerical_spotlight,breast-cancer,hgb_quantile,precision_at_k,0.061251362687738072,5,400
numerical_spotlight,breast-cancer,tabpfn_pit,precision_at_k,0.84673663283398426,5,400
categorical_spotlight,mushroom,frequency,precision_at_k,0.076153846153846155,5,400
categorical_spotlight,mushroom,logistic,precision_at_k,0.57923076923076922,5,400
categorical_spotlight,mushroom,rf,precision_at_k,0.60076923076923072,5,400
categorical_spotlight,mushroom,knn,precision_at_k,0.60999999999999999,5,400
categorical_spotlight,mushroom,hgb,precision_at_k,0.54230769230769227,5,400
categorical_spotlight,mushroom,tabpfn,precision_at_k,0.77000000000000002,5,400
corrections,breast-cancer,tabpfn,mean_absolute_correction_error_column_sd,0.15502089653111567,5,400
corrections,breast-cancer,rf,mean_absolute_correction_error_column_sd,0.42566544453860466,5,400
corrections,breast-cancer,ridge,mean_absolute_correction_error_column_sd,0.54345979984344672,5,400
corrections,breast-cancer,column_median,mean_absolute_correction_error_column_sd,0.7442092614025223,5,400
distribution,blood-transfusion,tabpfn_pit,precision_at_k,0.78212159147447313,5,400
distribution,blood-transfusion,tabpfn_resid,precision_at_k,0.53630197686820535,5,400
distribution,electricity,tabpfn_pit,precision_at_k,0.7138626805293472,5,400
distribution,electricity,tabpfn_resid,precision_at_k,0.49097815764482428,5,400
distribution,steel-plates,tabpfn_pit,precision_at_k,0.86882657661207807,5,400
distribution,steel-plates,tabpfn_resid,precision_at_k,0.65125615614195553,5,400
distribution,MagicTelescope,tabpfn_pit,precision_at_k,0.7315370725861895,5,400
distribution,MagicTelescope,tabpfn_resid,precision_at_k,0.51512366562975909,5,400
distribution,breast-cancer,tabpfn_pit,precision_at_k,0.84673663283398426,5,400
distribution,breast-cancer,tabpfn_resid,precision_at_k,0.63220370694007044,5,400
distribution,spambase,tabpfn_pit,precision_at_k,0.67704464114732876,5,400
distribution,spambase,tabpfn_resid,precision_at_k,0.46964810946633928,5,400
distribution,wilt,tabpfn_pit,precision_at_k,0.73658907397531148,5,400
distribution,wilt,tabpfn_resid,precision_at_k,0.53545848261164575,5,400
distribution,kc1,tabpfn_pit,precision_at_k,0.86964424150346364,5,400
distribution,kc1,tabpfn_resid,precision_at_k,0.66932341916738747,5,400
distribution,diabetes,tabpfn_pit,precision_at_k,0.61192797741559934,5,400
distribution,diabetes,tabpfn_resid,precision_at_k,0.42392107434117937,5,400
distribution,ilpd,tabpfn_pit,precision_at_k,0.69830143671857858,5,400
distribution,ilpd,tabpfn_resid,precision_at_k,0.52489535351319738,5,400
distribution,banknote,tabpfn_pit,precision_at_k,0.74338091453875721,5,400
distribution,banknote,tabpfn_resid,precision_at_k,0.69124815697799369,5,400
distribution,phoneme,tabpfn_pit,precision_at_k,0.59393395803935811,5,400
distribution,phoneme,tabpfn_resid,precision_at_k,0.54327856593634083,5,400
