train_rows,model,ablation,completed,attempted,precision_at_k,auroc,clean_log_mae,injected_error_log_mae_after,wall_seconds,peak_rss_gib
1000,V2,full,1,1,0.4838709677419355,0.9392846701101256,0.42346009322725725,0.3561594262469464,7.138032666000072,2.3563232421875
1000,V3,full,1,1,0.6129032258064516,0.9105025501088263,0.39093181714309094,0.3495771017008094,3.5706073329929495,2.67144775390625
1000,V3_5,full,1,1,0.4838709677419355,0.9341194815320144,0.36716398315747034,0.28804959351757414,4.575978665990988,3.1533203125
1000,V3_5_FAST,full,1,1,0.5161290322580645,0.9437351785076178,0.3699161873773238,0.3085018849714032,3.0554565409984207,2.6564483642578125
1000,sku_median_mad,full,1,1,0.3870967741935484,0.8941298768800962,0.5128086446167917,0.4056578407846044,,
5000,V2,full,1,1,0.3548387096774194,0.9402592339927883,0.30962196290698357,0.24463676284050345,36.089788958997815,2.474761962890625
5000,V3,full,1,1,0.5483870967741935,0.9634863398629113,0.2953219265120798,0.21946902443467078,6.607073166989721,2.7376708984375
5000,V3_5,full,1,1,0.5806451612903226,0.9720949874930969,0.23979020370878945,0.17893998266264258,9.663190249993932,3.856109619140625
5000,V3_5_FAST,full,1,1,0.5161290322580645,0.9695611213981743,0.2386961509883985,0.1636446996606786,5.5955401660030475,4.037200927734375
5000,sku_median_mad,full,1,1,0.6129032258064516,0.959490627943995,0.3297378193230532,0.2191988027419859,,
10000,V2,full,1,1,0.41935483870967744,0.9298638859110548,0.27040229221222983,0.23435404285691624,117.0335087919957,3.6875457763671875
10000,V3,full,1,1,0.5806451612903226,0.9334048013513953,0.2723656639444585,0.21705085780601416,13.308593499998096,3.8108673095703125
10000,V3_5,full,1,1,0.6129032258064516,0.9703082870415489,0.2046639379544596,0.1689666236737918,20.377806290998706,4.708770751953125
10000,V3_5_FAST,full,1,1,0.5806451612903226,0.9653704967027255,0.20132340211101718,0.1465256148317136,10.170534459000919,5.842071533203125
10000,sku_median_mad,full,1,1,0.7096774193548387,0.9645746028652178,0.2678339931844227,0.18174825403829342,,
100001,V2,full,0,1,,,,,,
100001,V3,full,0,1,,,,,,
100001,V3_5,full,0,1,,,,,,
100001,V3_5_FAST,full,0,1,,,,,,
100001,sku_median_mad,full,1,1,0.7419354838709677,0.9803787804957282,0.2083416911323176,0.1353677553593131,,
