dataset,seed,rows,errors,arm,precision_at_k,auroc,seconds
auto_mpg,1001,392,52,v3|num,0.9038461538461539,0.9934486373165619,58.906235218048096
auto_mpg,1001,392,52,v3.5|num,0.9230769230769231,0.995081438477665,143.74746012687683
auto_mpg,1001,392,52,v3|hc,0.9230769230769231,0.995091517497178,74.55780076980591
auto_mpg,1001,392,52,v3.5|hc,0.9423076923076923,0.9945774875020159,133.9426257610321
auto_mpg,1002,392,56,v3|num,0.8571428571428571,0.9948323079231693,62.62124705314636
auto_mpg,1002,392,56,v3.5|num,0.8392857142857143,0.9951230492196879,127.2639479637146
auto_mpg,1002,392,56,v3|hc,0.8392857142857143,0.9945134303721488,63.115596771240234
auto_mpg,1002,392,56,v3.5|hc,0.8392857142857143,0.9958545918367347,132.8768129348755
auto_mpg,1003,392,53,v3|num,0.7924528301886793,0.9949441481730665,63.06855607032776
auto_mpg,1003,392,53,v3.5|num,0.8301886792452831,0.9967448625223853,131.44764304161072
auto_mpg,1003,392,53,v3|hc,0.8301886792452831,0.9955180021964758,64.73797583580017
auto_mpg,1003,392,53,v3.5|hc,0.8867924528301887,0.9977837361854538,126.83857083320618
auto_mpg,1004,392,56,v3|num,0.8214285714285714,0.9787102340936373,63.38193082809448
auto_mpg,1004,392,56,v3.5|num,0.7678571428571429,0.9776410564225689,133.7629599571228
auto_mpg,1004,392,56,v3|hc,0.8035714285714286,0.9809142406962785,68.17025208473206
auto_mpg,1004,392,56,v3.5|hc,0.7857142857142857,0.9776222989195678,139.54755091667175
auto_mpg,1005,392,53,v3|num,0.8301886792452831,0.9903434219509057,66.94112300872803
auto_mpg,1005,392,53,v3.5|num,0.7924528301886793,0.9901653293229512,139.3021900653839
auto_mpg,1005,392,53,v3|hc,0.8113207547169812,0.9897003096832919,63.23812007904053
auto_mpg,1005,392,53,v3.5|hc,0.7735849056603774,0.991105262637156,133.79886603355408
employee_salaries,1001,1000,108,v3|num,0.7592592592592593,0.9660723801910852,78.00681710243225
employee_salaries,1001,1000,108,v3.5|num,0.7685185185185185,0.9744561493662212,195.9269859790802
employee_salaries,1001,1000,108,v3|hc,0.7222222222222222,0.973970823341327,91.86058902740479
employee_salaries,1001,1000,108,v3.5|hc,0.7685185185185185,0.9832990750256938,181.07549905776978
employee_salaries,1002,1000,112,v3|num,0.6696428571428571,0.9618400022045855,79.00447201728821
employee_salaries,1002,1000,112,v3.5|num,0.7589285714285714,0.9622395833333334,177.7878439426422
employee_salaries,1002,1000,112,v3|hc,0.75,0.9670024066725456,87.42179894447327
employee_salaries,1002,1000,112,v3.5|hc,0.7946428571428571,0.9740639697236919,181.20464611053467
employee_salaries,1003,1000,111,v3|num,0.7567567567567568,0.9807264193996003,80.46464586257935
employee_salaries,1003,1000,111,v3.5|num,0.7837837837837838,0.9868860889688865,179.18577408790588
employee_salaries,1003,1000,111,v3|hc,0.7927927927927928,0.9821395064388121,90.01267576217651
employee_salaries,1003,1000,111,v3.5|hc,0.8018018018018018,0.9890057195277047,186.347425699234
employee_salaries,1004,1000,115,v3|num,0.6869565217391305,0.9792871132001567,94.49400496482849
employee_salaries,1004,1000,115,v3.5|num,0.7565217391304347,0.9846925186055622,176.7087070941925
employee_salaries,1004,1000,115,v3|hc,0.7130434782608696,0.9804353421744727,91.05139589309692
employee_salaries,1004,1000,115,v3.5|hc,0.808695652173913,0.9875082535952101,146.92658472061157
employee_salaries,1005,1000,113,v3|num,0.7433628318584071,0.9934362556376941,62.13167381286621
employee_salaries,1005,1000,113,v3.5|num,0.7256637168141593,0.9946656770583133,157.1873438358307
employee_salaries,1005,1000,113,v3|hc,0.7699115044247787,0.9928169915147155,81.2482259273529
employee_salaries,1005,1000,113,v3.5|hc,0.7699115044247787,0.9939553446819556,123.02918601036072
medical_charges,1001,1000,109,v3|num,0.7798165137614679,0.9653493477066577,73.06880712509155
medical_charges,1001,1000,109,v3.5|num,0.7981651376146789,0.9712863606676428,190.30753588676453
medical_charges,1001,1000,109,v3|hc,0.8348623853211009,0.9822361176933833,89.0832371711731
medical_charges,1001,1000,109,v3.5|hc,0.8623853211009175,0.9880623126999734,179.7400951385498
medical_charges,1002,1000,109,v3|num,0.7247706422018348,0.9611288341243849,75.0834219455719
medical_charges,1002,1000,109,v3.5|num,0.6697247706422018,0.9587379957040358,172.41600513458252
medical_charges,1002,1000,109,v3|hc,0.7339449541284404,0.9589289798382058,83.74696087837219
medical_charges,1002,1000,109,v3.5|hc,0.7614678899082569,0.9729038312360445,180.4441909790039
medical_charges,1003,1000,105,v3|num,0.7714285714285715,0.9687780426676448,75.5636248588562
medical_charges,1003,1000,105,v3.5|num,0.7714285714285715,0.9685653157283453,172.81405115127563
medical_charges,1003,1000,105,v3|hc,0.7619047619047619,0.9761183446420931,87.46550011634827
medical_charges,1003,1000,105,v3.5|hc,0.819047619047619,0.9899211443242253,184.1034379005432
medical_charges,1004,1000,108,v3|num,0.7777777777777778,0.9751627269612881,81.09265804290771
medical_charges,1004,1000,108,v3.5|num,0.7685185185185185,0.9753839785314605,182.8316478729248
medical_charges,1004,1000,108,v3|hc,0.8240740740740741,0.98519517719158,83.51507306098938
medical_charges,1004,1000,108,v3.5|hc,0.8240740740740741,0.9932078147006205,160.98823809623718
medical_charges,1005,1000,113,v3|num,0.7079646017699115,0.9596089529199896,58.72953391075134
medical_charges,1005,1000,113,v3.5|num,0.7079646017699115,0.9608907385863019,143.27811574935913
medical_charges,1005,1000,113,v3|hc,0.7522123893805309,0.9728548303739946,77.98728799819946
medical_charges,1005,1000,113,v3.5|hc,0.7522123893805309,0.9743415196104099,151.91393089294434
